create database themes_database;
use themes_database;


CREATE TABLE themes (
  theme_id INT AUTO_INCREMENT PRIMARY KEY ,
  theme_name varchar(20) DEFAULT NULL,
  start_time varchar(10) DEFAULT NULL,
  end_time varchar(10) DEFAULT NULL,
  theme_time varchar(10) DEFAULT NULL,
  intervals varchar(10) DEFAULT NULL,
  theme_desc varchar(250) DEFAULT NULL,
  difficulty int DEFAULT NULL,
  suitable_players varchar(10) DEFAULT NULL,
  theme_img varchar(255) DEFAULT NULL,
  price varchar(10) DEFAULT NULL,
  start_date date DEFAULT NULL,
  end_date date DEFAULT NULL,
  created_at timestamp NOT NULL DEFAULT current_timestamp(),
  last_modified_by varchar(255) DEFAULT NULL,
  last_modified_at timestamp NOT NULL DEFAULT current_timestamp() ON UPDATE current_timestamp()
) ;

INSERT INTO themes (theme_id, theme_name, start_time, end_time, theme_time, intervals, theme_desc, difficulty, suitable_players, theme_img, price, start_date, end_date, created_at, last_modified_by, last_modified_at) VALUES
(1, '尋找失落的寶藏', '09:00:00', '10:30:00', '90', '30', '在古老的山洞中尋找失落的寶藏，需要解開謎題才能找到寶藏。', 3, '3~5人', '1.jpg', '500', '2024-05-01', '2025-05-01', '2024-05-15 14:19:56', NULL, '2024-05-15 14:38:13'),
(2, '廢棄的實驗室', '09:00:00', '10:30:00', '90', '30', '在一個被遺棄的實驗室中尋找失踪的科學家和他的實驗。', 4, '4~6人', '7.jpg', '600', '2024-06-01', '2025-06-01', '2024-05-15 14:19:56', NULL, '2024-05-15 14:33:01'),
(3, '進擊的巨人', '09:00:00', '10:00:00', '60', '30', '面對巨型巨人的進擊，找到一個逃脫的方法。', 5, '3~5人', '12.jpg', '700', '2024-07-01', '2025-07-01', '2024-05-15 14:19:56', NULL, '2024-05-15 14:33:23'),
(4, '古堡迷宮', '09:00:00', '10:30:00', '90', '60', '在一個古堡迷宮中找到出口，但要小心不要被怪物吃掉。', 3, '4~6人', '5.jpg', '550', '2024-08-01', '2025-08-01', '2024-05-15 14:19:56', NULL, '2024-05-15 14:33:43'),
(5, '海底之旅', '09:00:00', '10:30:00', '90', '60', '在海底世界中探險，找到失落的寶藏並逃脫。', 4, '5~8人', '4.jpg', '600', '2024-09-01', '2025-09-01', '2024-05-15 14:19:56', NULL, '2024-05-15 14:33:57'),
(6, '未來之城', '09:00:00', '10:30:00', '60', '30', '探索一個科技發達的未來城市，解開它的種種謎題。', 5, '4~6人', '15.jpg', '700', '2024-10-01', '2025-10-01', '2024-05-15 14:19:56', NULL, '2024-05-15 20:26:02'),
(7, '迷失之森', '09:00:00', '10:30:00', '90', '60', '在一片神秘的森林中迷路，找到回家的路。', 3, '3~5人', '6.jpg', '550', '2024-11-01', '2025-11-01', '2024-05-15 14:19:56', NULL, '2024-05-15 15:09:22'),
(8, '幽靈屋', '09:00:00', '10:30:00', '60', '30', '在一間幽靈屋中解開它的魔咒，找到出口。', 4, '5~8人', '6.jpg', '600', '2024-12-01', '2025-12-01', '2024-05-15 14:19:56', NULL, '2024-05-15 14:35:18'),
(9, '星際探險', '09:00:00', '10:30:00', '90', '60', '在太空船上進行一次星際探險，找到失踪的船員和他們的秘密。', 5, '4~6人', '14.jpg', '600', '2025-01-01', '2026-01-01', '2024-05-15 14:19:56', NULL, '2024-05-15 15:09:04'),
(10, '神秘的研究所', '09:00:00', '10:30:00', '90', '30', '在一個神秘的實驗室中尋找脫逃的方法，記住，時間是有限的！', 4, '5~8人', '12.jpg', '600', '2025-02-01', '2026-02-01', '2024-05-15 14:19:56', NULL, '2024-05-15 16:16:55');


CREATE TABLE branches (
  id INT AUTO_INCREMENT PRIMARY KEY ,
  branch_name varchar(20) DEFAULT NULL,
  branch_address varchar(50) DEFAULT NULL,
  branch_phone varchar(20) DEFAULT NULL,
  open_time varchar(20) DEFAULT NULL,
  close_time varchar(20) DEFAULT NULL,
  branch_status varchar(20) DEFAULT NULL,
  created_at timestamp NOT NULL DEFAULT current_timestamp(),
  last_modified_by varchar(255) DEFAULT NULL,
  last_modified_at timestamp NOT NULL DEFAULT current_timestamp() ON UPDATE current_timestamp()
) ;


INSERT INTO branches (id, branch_name, branch_address, branch_phone, open_time, close_time, branch_status, created_at, last_modified_by, last_modified_at) VALUES
(1, '塊陶阿-台北分店', '台北市大安區永恆街4號3樓', '02-12345678', '09:00:00', '21:00:00', '新開幕', '2024-05-15 14:19:56', 'Admin', '2024-05-15 21:58:35'),
(2, '塊陶阿-台中分店', '台中市三民區一中街27號5樓', '04-23456789', '09:00:00', '21:00:00', '營業中', '2024-05-15 14:19:56', 'Admin', '2024-05-15 21:58:45'),
(3, '塊陶阿-高雄分店', '高雄市鳳山區四維路50號2樓', '06-34567890', '09:00:00', '21:00:00', '營業中', '2024-05-15 14:19:56', 'Admin', '2024-05-15 21:59:02');

CREATE TABLE branch_themes (
  id INT AUTO_INCREMENT PRIMARY KEY ,
  branch_id int ,
  theme_id int );

INSERT INTO branch_themes (id, branch_id, theme_id) VALUES
(26, 1, 1),
(27, 1, 3),
(28, 1, 8),
(29, 1, 10),
(30, 3, 1),
(31, 3, 2),
(32, 3, 5),
(33, 2, 1),
(34, 2, 4),
(35, 2, 5),
(36, 2, 9);


CREATE TABLE reservations (
  id INT AUTO_INCREMENT PRIMARY KEY ,
  user_id int,
  branch_id int,
  theme_id int,
  re_datetime datetime,
  participants int,
  created_at timestamp NOT NULL DEFAULT current_timestamp()
) ;

INSERT INTO reservations (id, user_id, branch_id, theme_id, re_datetime, participants, created_at) VALUES
(1, 1, 1, 1, '2024-05-11 09:00:00', 4, '2024-05-15 14:19:56'),
(2, 21, 2, 2, '2024-05-12 09:30:00', 5, '2024-05-15 14:19:56'),
(3, 33, 3, 3, '2024-05-13 10:00:00', 3, '2024-05-15 14:19:56'),
(4, 40, 1, 4, '2024-05-14 10:30:00', 6, '2024-05-15 14:19:56'),
(5, 50, 2, 5, '2024-05-15 11:00:00', 7, '2024-05-15 14:19:56'),
(6, 99, 3, 6, '2024-05-16 11:30:00', 4, '2024-05-15 14:19:56'),
(7, 3, 2, 7, '2024-05-17 12:00:00', 5, '2024-05-15 14:19:56'),
(8, 64, 1, 8, '2024-05-18 12:30:00', 8, '2024-05-15 14:19:56'),
(9, 86, 2, 9, '2024-05-19 13:00:00', 3, '2024-05-15 14:19:56'),
(10, 97, 1, 10, '2024-05-20 13:30:00', 6, '2024-05-15 14:19:56'),
(11, 80, 1, 2, '2024-05-21 09:00:00', 4, '2024-05-15 14:19:56'),
(12, 5, 2, 3, '2024-05-22 09:30:00', 5, '2024-05-15 14:19:56'),
(13, 45, 3, 4, '2024-05-23 10:00:00', 3, '2024-05-15 14:19:56'),
(14, 6, 2, 5, '2024-05-24 10:30:00', 6, '2024-05-15 14:19:56'),
(15, 66, 1, 6, '2024-05-25 11:00:00', 7, '2024-05-15 14:19:56'),
(16, 40, 2, 7, '2024-05-26 11:30:00', 4, '2024-05-15 14:19:56'),
(17, 48, 2, 8, '2024-05-27 12:00:00', 5, '2024-05-15 14:19:56'),
(18, 66, 3, 9, '2024-05-28 12:30:00', 8, '2024-05-15 14:19:56'),
(20, 10, 3, 1, '2024-05-30 13:30:00', 6, '2024-05-15 14:19:56'),
(21, 111, 3, 5, '2024-05-30 13:30:00', 6, '2024-05-15 14:19:56'),
(22, 12, 2, 3, '2024-05-21 13:30:00', 8, '2024-05-15 14:19:56'),
(23, 13, 1, 3, '2024-05-21 13:30:00', 8, '2024-05-15 14:19:56'),
(24, 14, 2, 4, '2024-05-21 13:30:00', 8, '2024-05-15 14:19:56'),
(25, 111, 3, 5, '2024-05-30 13:30:00', 6, '2024-05-15 14:19:56'),
(26, 72, 3, 2, '2024-05-21 13:30:00', 8, '2024-05-15 14:19:56'),
(27, 83, 1, 6, '2024-05-21 13:30:00', 8, '2024-05-15 14:19:56'),
(28, 24, 3, 8, '2024-05-21 13:30:00', 8, '2024-05-15 14:19:56'),
(29, 65, 1, 10, '2024-05-21 13:30:00', 8, '2024-05-15 14:19:56'),
(30, 75, 3, 7, '2024-05-21 13:30:00', 8, '2024-05-15 14:19:56');



CREATE TABLE users (
user_id INT AUTO_INCREMENT PRIMARY KEY ,
account VARCHAR(100) NOT NULL UNIQUE KEY  ,
password VARCHAR(255) NOT NULL  ,
name VARCHAR(20) NOT NULL  ,
nick_name VARCHAR(50) NOT NULL  ,
gender CHAR(1)   ,
birthday DATE   ,
mobile_phone CHAR(10)   ,
invoice_carrier_id CHAR(8)   ,
tax_id CHAR(8),
avatar VARCHAR(100),
note VARCHAR(200),
user_status CHAR(1),
blacklist CHAR(1),
created_at DATETIME NOT NULL DEFAULT now()  ,
last_modified_at DATETIME,
last_modified_by INT);


INSERT INTO `users` (`user_id`, `account`, `password`, `name`, `nick_name`, `gender`, `birthday`, `mobile_phone`, `invoice_carrier_id`, `tax_id`, `avatar`, `note`, `user_status`, `blacklist`, `created_at`, `last_modified_at`, `last_modified_by`) VALUES
(1, 'email61691952@test.com', '$2y$10$m1yQ7PuBbwvQ83gpiUuqnuaqhgAVa.xjRcmFjsceBFA06PiqibIam', '鄭柏翰', '鄭柏翰', '1', '1990-09-08', '0969638796', '/M1NXCZR', '57393424', 'default.gif', 'NHFYPAELI3N395IY5NKFUCF0LSXER', '1', '1', '2024-05-15 10:59:56', '2024-05-15 10:59:56', NULL),
(2, 'email07323870@test.com', '$2y$10$YOt3GuB1Eiodov.LndSp9Oqno41wJmaaigsoqCDDwU52h2PVumPcy', '趙怡萱', '趙怡萱', '1', '1992-03-18', '0948854263', '/MTQXMHD', '28319238', 'default.gif', '1O78C3EM26I', '0', '1', '2024-05-15 10:59:56', '2024-05-15 10:59:56', NULL),
(3, 'email23584774@test.com', '$2y$10$8HeXNv3RPXCX8SXgtQ9nIeaYqDv3ztQOcAf6nopVufG3txaGmzVfy', '楊怡婷', '楊怡婷', '1', '1992-02-02', '0917329450', '/H9BQQEV', '26850277', '3c621c6229da184a99414fd224ad24ddb2ebf5ca.png', 'UOMIMDRDV6HUE9F6C8HOUFW1YR2XP9GFGHOYY2YICKPKMQRN9HHDS9YNMMVJLLY1ETXU22YO02XSW4WKPYVLTPTSK5XOU', '0', '1', '2024-05-15 10:59:56', '2024-05-15 14:50:21', NULL),
(4, 'email22942644@test.com', '$2y$10$zlUmxyA9FYj9nQJ4.kk85.ZwwpFfNXocx1BoIRKHwc8xwf2pbWqKq', '羅郁婷', '羅郁婷', '0', '1986-12-09', '0991567257', '/W61H7CK', '66045382', 'default.gif', 'RKPVH0U4R38YWBPTT6C4LCUUTT4CEAEYWL1PI1Z1K28U65E4U8JOTIIG9WMEQKBKCHS', '1', '0', '2024-05-15 10:59:56', '2024-05-15 10:59:56', NULL),
(5, 'email99622653@test.com', '$2y$10$SqCdyTF7nlxQgfj3QWjuSOJ8Up0j49n/REV0wUlE//FH5eMeUMJK6', '趙雅婷', '趙雅婷', '1', '1994-03-20', '0946916742', '/42QK9YH', '06983254', 'default.gif', 'U8OWSI80ZTBHDVYVCTT300UL5T7ZAW0DJSCL', '0', '0', '2024-05-15 10:59:56', '2024-05-15 10:59:56', NULL),
(6, 'email83120664@test.com', '$2y$10$iekY05SqRiVwymcCwHrnVeIOpBb3Q0ejX9NOQ6tAlNdOi.ccM5GWu', '郭怡君', '郭怡君', '0', '1990-02-28', '0984131133', '/4OLAKR9', '13114355', 'default.gif', 'FAA5PRISSPEW4TT6PH5IK7VFH2RSG2M', '0', '1', '2024-05-15 10:59:56', '2024-05-15 10:59:56', NULL),
(7, 'email02592200@test.com', '$2y$10$22gHnVDxAVAdE4PL.Ejw2uR7d9e1xEIqHPZrNm/eUu9yeyf86ieui', '郭怡君', '郭怡君', '0', '1996-01-18', '0965131714', '/KXDGQH1', '92821356', 'default.gif', '2RZB3KTY36HCAFROUJF39QES3H8N0J', '1', '1', '2024-05-15 10:59:56', '2024-05-15 10:59:56', NULL),
(8, 'email54307857@test.com', '$2y$10$SmS6pjRy0ROQbsFal0MxquKBNsmooa0imj/YxV.HP1V6n4WPtmLZ6', '王彥廷', '王彥廷', '0', '1990-10-01', '0904570864', '/FZUN9PF', '30397829', 'default.gif', 'FMDBWIQ9GAGMX', '0', '1', '2024-05-15 10:59:56', '2024-05-15 10:59:56', NULL),
(9, 'email55275796@test.com', '$2y$10$eCVuqg1XGPCEvGvFcVE0AuKcu9ko6wnQBuYQWisuDPZlcOZv4PTPO', '董怡萱', '董怡萱', '1', '1993-11-04', '0986617340', '/EJ6HB6U', '04265308', 'default.gif', 'Q4YXQSFW8OYUYB79MFCO47JMYWW207E0HJQ12AKJ43SF3WUPDYQEJ53UO5AMXYIF2SF9FXNI1VXJR16RTYW14GTCVPUWC2M02LFM', '1', '1', '2024-05-15 10:59:56', '2024-05-15 10:59:56', NULL),
(10, 'email53365678@test.com', '$2y$10$UMxS/a72HfmVLQzRva6y/ekFvfENctHWjFzXTcH.IZpDcdL6jQAL2', '周雅筑', '周雅筑', '0', '1999-08-14', '0907314501', '/6BZXMOX', '22299998', 'default.gif', 'HO65XBD1FM0ZMUSGZZ7Z1AI030IUG4D4RWFES3BIU0E61KR16PLB4MVYZ76TZ', '0', '1', '2024-05-15 10:59:56', '2024-05-15 10:59:56', NULL),
(11, 'qqq', '$2y$10$oftYsKnO4MCACQT3osSrUOPjzSlvLS5Sd8.v5szdC3telRPhTDqGi', 'Q小姐', 'Q小姐', '1', NULL, NULL, '', '', 'default.gif', '', '1', '0', '2024-05-15 11:45:13', '2024-05-15 11:45:13', NULL),
(12, 'email67284012@test.com', '$2y$10$mhVLGdM9tZzQUv06yaWKkeIOYxbThpCMNber//SQ8Bz1H9bCOwudu', '馬怡萱', '馬怡萱', '0', '1986-03-16', '0978320327', '/ABUA7GV', '23981081', 'b7cc65fb5202b77a45d24c5a05ff0e146c57b0c3.png', 'GBI', '1', '0', '2024-05-15 11:45:21', '2024-05-15 14:50:42', NULL),
(13, 'email29333204@test.com', '$2y$10$2vEvrJ8HQ0zVixEXYggOaeyw3e2/p4mVHHPHNN6YXD5Y6nie2GTEy', '高承翰', '高承翰', '1', '1998-01-29', '0915588960', '/KXB3P9L', '33885194', 'default.gif', 'VQNDO4P9II58CMW0AYZ19SHQZ6LUC2DHH2HVOC60QGP7MHA6ZPPE0DB6JTZDW3B9BLD177XIVIAVLH5OFJT1CC', '0', '1', '2024-05-15 11:45:27', '2024-05-15 11:45:27', NULL),
(14, 'email96447365@test.com', '$2y$10$9EZRngte4re7vYwNf3Vlg.Rt/FBGvE1pexdXRPAtHoB3ws.DpJ3pO', '唐承翰', '唐承翰', '1', '1999-02-26', '0998082749', '/E4XBD17', '87005759', 'default.gif', '32NMQR2O052FIN1S2KZWW5DQVT6YGD1WW445VK7J5TMFJHSL65T9IXJP3', '1', '1', '2024-05-15 15:38:29', '2024-05-15 15:38:29', NULL),
(15, 'email40246522@test.com', '$2y$10$3efp7cnur8.18xsDw5y.hOm1aMdwG8iO4eyIcou18Lr1ySUzxP9bK', '楊冠霖', '楊冠霖', '0', '1988-04-01', '0943062695', '/7GJPO69', '25354671', 'default.gif', '1EM0KI1C1UCXJATEVUQ422LY8XFYEXXEQUQJCDGHTVV7Z55U18GYOUOYDQXBX9BBFTAJEJ3X0HGGMI73', '0', '0', '2024-05-15 15:39:28', '2024-05-15 15:39:28', NULL),
(16, 'email92895653@test.com', '$2y$10$7QGtPlrbhcuG/3mXsBz56.6uS9GsJtyw538mUCDVkN1G3PdaBAb26', '吳宜庭', '吳宜庭', '1', '1996-11-11', '0991171954', '/JYZUHF7', '63710914', 'default.gif', '5WYJTLEKDS18UOGR0TVF0SXJDP86S43OQH0X7WYQ6C94SY8KMHSBRLKRK23PSM7BP6U73B8GMO2L457W9PF', '0', '1', '2024-05-15 15:39:28', '2024-05-15 15:39:28', NULL),
(17, 'email93191452@test.com', '$2y$10$b5RpX/Lg4NZOaBAuc6zIpOTHRZlGjrmCH8iFRemdiisouuGck9NBK', '徐冠宇', '徐冠宇', '1', '1999-12-01', '0993439791', '/ZNY4YLE', '50863978', 'default.gif', '9CHAE9F42WZE', '0', '1', '2024-05-15 15:39:28', '2024-05-15 15:39:28', NULL),
(18, 'email11991180@test.com', '$2y$10$I/J8Cy6no/WFE8BWvOPd5ek9IoEzZCs./sRvpilgY55K3F5makr7q', '傅家瑋', '傅家瑋', '1', '1989-10-04', '0903225317', '/MTP35DB', '15338948', 'default.gif', '0NYZZI0WOPUP6XQDAL90I', '1', '1', '2024-05-15 15:39:28', '2024-05-15 15:39:28', NULL),
(19, 'email90069179@test.com', '$2y$10$/PHanIqwBRP9AW9Fiw3BQ.h4AM2ZzNJIt6M7TBhe0/NIgNa4CwLjW', '周宗翰', '周宗翰', '1', '1988-11-11', '0904005948', '/BFMGRJS', '66564117', 'default.gif', '6D97O94T7LGLETIMD8O7FZPGL4TVWJO', '1', '0', '2024-05-15 15:39:28', '2024-05-15 15:39:28', NULL),
(20, 'email08158474@test.com', '$2y$10$bJGdmI5um0w9bc7bRZkBOuIpcF.8O9Dt7/N4Pj8sANPc0Fsu9dMG.', '鄭冠宇', '鄭冠宇', '0', '1991-07-03', '0971703480', '/D5HN9CS', '11430600', 'default.gif', 'BGSDG4KEQ9RIESH7L5CFBUXS56N9S1E60KY1XBX6286STODZ0S002H2ZQHX00D907GY5EVSY3LOX66Q7CF9QSB4XRKXJN4WQ1Z', '0', '0', '2024-05-15 15:39:28', '2024-05-15 15:39:28', NULL),
(21, 'email22997505@test.com', '$2y$10$wB5z07Zxh4BWoaiq2FiNAe.BGTdGbv0afpopSEKo5TDKedXJMcRAi', '許冠廷', '許冠廷', '0', '1990-05-15', '0977856640', '/7ZC8S1M', '43160566', 'default.gif', '1LT5UHILNVTWDCLIDW50JTQU8A9MUSE2WYCXC2QLJFRIG7ILFTA2WIZ6OF7PKOX249APM94SP0YQ2MCEVAOBRC7HUDEJPWTVIM', '1', '0', '2024-05-15 15:39:29', '2024-05-15 15:39:29', NULL),
(22, 'email38402834@test.com', '$2y$10$aRH3PqyIl1Ka3aqAokhUVus/BkkdUFlWJ9cfk1/WCdvl2MNehPHGa', '高家瑋', '高家瑋', '1', '1991-05-22', '0957497642', '/RA1AF9M', '64799354', 'default.gif', 'KHFZXT8QY20I9OOCFFBIY492EUZKHUQ6BTRBNI4JDNHXRCH3D8FGDUXKGEJYU538IPYS6F7PV4SKJRYI41LO1', '0', '0', '2024-05-15 15:39:29', '2024-05-15 15:39:29', NULL),
(23, 'email73587444@test.com', '$2y$10$wBhncnTtPR.Al1d2Se4xa.ycWDzEEqs1XJj1MizBDEcONpEW6d92W', '黃宜庭', '黃宜庭', '0', '1995-04-08', '0996468408', '/32JUD17', '49435570', 'default.gif', 'WSX3A9195TQIXI4BLQVDGJ5UPXOSHMMR9MX', '1', '1', '2024-05-15 15:39:29', '2024-05-15 15:39:29', NULL),
(24, 'email54876288@test.com', '$2y$10$zuCWld3fl.vKJp5dpK.KAOznTTjos.kUrQ41MQv6qQHRIZXP1f6Eu', '黃詩涵', '黃詩涵', '1', '1998-04-19', '0907410652', '/R1XNABC', '47201129', 'default.gif', 'PYQT6OD4HO4CTXXDU7JEHWVDNSK0K8B', '0', '0', '2024-05-15 15:39:29', '2024-05-15 15:39:29', NULL),
(25, 'email83774125@test.com', '$2y$10$9jMq1L.zas4JoHhQaVMlmOYCVACW.Uq/5Zro13ewag.40JwoXYp6G', '楊冠宇', '楊冠宇', '0', '1993-01-04', '0962969567', '/FW83MLR', '75091512', 'default.gif', 'B3L09J56ZPTAMV3T0LA4IDR11KCW9K2JYXKF4T2WLUA701M5QY4XF7R1S3WOMQKFOANF45RLKHPX2N800MAE7KMGA6J', '1', '0', '2024-05-15 15:39:29', '2024-05-15 15:39:29', NULL),
(26, 'email78641548@test.com', '$2y$10$vfCw/Tem0sWhPHVGa2hNqOsECuOMDG26y7gF3s1gdSXRS9osz.CxS', '謝冠宇', '謝冠宇', '1', '1999-08-18', '0959216479', '/QSV1ELO', '46897846', 'default.gif', 'WYFLWZKO8HNL8ZT0KKCVHRIA84SSKX', '0', '0', '2024-05-15 15:39:29', '2024-05-15 15:39:29', NULL),
(27, 'email04456468@test.com', '$2y$10$ANBGmmHt4S72N3gVYWqLzOaohoyUp5omjWAMDj0Tuvxpjgoj3VgFK', '梁家瑋', '梁家瑋', '1', '1985-01-22', '0978008346', '/TD21MUA', '96235111', 'default.gif', 'Y0L5HNZ', '1', '0', '2024-05-15 15:39:29', '2024-05-15 15:39:29', NULL),
(28, 'email60096509@test.com', '$2y$10$ym5QzPo.uMmdR6HujzouJ.l5QrfmhFhisNleYEcljlIj878zHRNZ6', '何詩涵', '何詩涵', '1', '1985-05-31', '0978022358', '/GKE8J4Y', '02233607', 'default.gif', 'K', '0', '1', '2024-05-15 15:39:29', '2024-05-15 15:39:29', NULL),
(29, 'email60949760@test.com', '$2y$10$2u4B0/CXkVs7KnaG0nr8ru1NSbYQNFLa5KXeOsuskKrpu.flYU5LK', '張彥廷', '張彥廷', '0', '1997-02-05', '0934083600', '/6MYS09O', '57298265', 'default.gif', 'R79LESSTUNPT5NRIOLROQ044', '1', '0', '2024-05-15 15:39:29', '2024-05-15 15:39:29', NULL),
(30, 'email43386338@test.com', '$2y$10$l/ZVlTES8cMt.6UdvsXR2.OQuPvpdrw1oRlwGx815M0dL61wKB5gC', '程怡萱', '程怡萱', '0', '1991-08-13', '0918972096', '/M0M1L0S', '37592614', 'default.gif', 'SGU61JW7G728QNI3D0Q84IT995KB3AP2WH06GL3V3J95Y41B3M72SA726HNZ882XY38F7SEUKY3U6OJGM1JP1K', '0', '1', '2024-05-15 15:39:29', '2024-05-15 15:39:29', NULL),
(31, 'email76754171@test.com', '$2y$10$YBd5YvkfbLPevnGBaV2JD.H6Wx.4SZgQ4G2hGZ9AD.ms2AX4Q0fuu', '曹承翰', '曹承翰', '1', '1989-12-28', '0910823367', '/W4SRZ0T', '50503664', 'default.gif', 'YSNNV2RLQH9NY50YMYJ91TGAOZ27Q9MIIRJ6N23N', '0', '0', '2024-05-15 15:39:29', '2024-05-15 15:39:29', NULL),
(32, 'email08778613@test.com', '$2y$10$IwpDaWK83sN6LX6tbGKtduKY1af69WBHYKDOimZsYgvV4R66GDuca', '韓怡萱', '韓怡萱', '0', '1987-06-24', '0981436225', '/2G5P66A', '41211755', 'default.gif', 'S4MZCSUPXJ9P2X4L7WRB53CLHI9QXWYZJ', '0', '0', '2024-05-15 15:39:29', '2024-05-15 15:39:29', NULL),
(33, 'email80387184@test.com', '$2y$10$1Zf/fEkbf5NaSia1xvgfOOiu1DOu5ovUlRDJxx0oJ8DfAAsQMsA4O', '袁宜庭', '袁宜庭', '1', '1998-01-03', '0925930105', '/M0ZZCS7', '17141807', 'default.gif', 'X9SLYZBBMUTEEV5YY72CUD7M8FHN4QFOU46XNE1SPEXDVTPGRS5JXQP0IFYXROU', '1', '0', '2024-05-15 15:39:29', '2024-05-15 15:39:29', NULL),
(34, 'email83486246@test.com', '$2y$10$MF2zHC76mXbsUV70kQBwtuAOi6EEFHhRcSf6AAq0aCVDJup.oyp3S', '宋家瑋', '宋家瑋', '0', '1997-07-19', '0956329683', '/MIV9Y8J', '82430435', 'default.gif', '8DR6HW8NTCPQURSLXLT334A29WBB4JSHTD8NU9ZSZBP8L2C63YCUZGLQFRURODFTBHGZYU3IO6LG8', '0', '0', '2024-05-15 15:39:29', '2024-05-15 15:39:29', NULL),
(35, 'email79192671@test.com', '$2y$10$1Y1CTzPA6tFwb1MQq0rrcuqr5Ol5q0HcpHLuonWxRYALDZoy9UvMe', '郭冠宇', '郭冠宇', '1', '1988-08-04', '0907698358', '/FOUWI35', '38077756', 'default.gif', 'MC5WB1Y1ND2M48HWV6OJYGF2F3BG0TAFT42R68', '0', '1', '2024-05-15 15:39:29', '2024-05-15 15:39:29', NULL),
(36, 'email14994217@test.com', '$2y$10$9BAdRiebmdbgqPn/KSPbj.JPbXrlFFMc4UWBs4ynH7L8YKjpfkDJK', '何承翰', '何承翰', '1', '1995-06-08', '0954027071', '/BBZF4D0', '25873594', 'default.gif', 'FLK9IOMUUJMAMZPR6BH4396P5ONHLXGZOH33EL93L82RDRLJX1EA9F', '1', '0', '2024-05-15 15:39:29', '2024-05-15 15:39:29', NULL),
(37, 'email20177275@test.com', '$2y$10$aFdY8/o2r5D1yjcrW0cmA.M02dZbidlBfxCGzlikzFgjlpC7Yy.YC', '許怡君', '許怡君', '1', '1995-11-06', '0964534645', '/2U935KH', '28162757', 'default.gif', 'VONOS2N0JS9LNOVF52AA8237IXN19ER2XYF5468650', '1', '1', '2024-05-15 15:39:29', '2024-05-15 15:39:29', NULL),
(38, 'email33682313@test.com', '$2y$10$TBB9OneED1qw.1d13jhgYefnq52nfjHOoTt4jzh.Ga0dd9savLqU6', '韓柏翰', '韓柏翰', '0', '1986-02-24', '0921914574', '/AA7OL58', '68528445', 'default.gif', 'PTYNC6AQZ7JCY4BDGNMRLKSHI6RRDOF3Y5XLOUBPDJMGUMFX2NZZ7ZMYGECZ6G', '0', '0', '2024-05-15 15:39:29', '2024-05-15 15:39:29', NULL),
(39, 'email84517448@test.com', '$2y$10$mUTyXJ89YgVVLfCGlWq7JOaLKtM5M8.fBZ9EHYPhzFmHo.uvmeEem', '高家瑋', '高家瑋', '0', '1993-05-11', '0917033301', '/Y5BAW1H', '09759689', 'default.gif', 'IWLOGP2KQUCBXK7F1SD8TU', '0', '0', '2024-05-15 15:39:29', '2024-05-15 15:39:29', NULL),
(40, 'email34232233@test.com', '$2y$10$TbTU0AIZdx8K/WZQXAodv.P9KofMPOIgWc/wGURMx0ShzxVLx0RUq', '吳怡萱', '吳怡萱', '0', '1996-08-23', '0927817467', '/U348MOM', '03879054', 'default.gif', '3WQC0L8NRUCKF3V16LXLRBO24JVOW2PSXYWP20PT46P7VRCDND0OS9QOJEX9B5YBJ64XH80WP1OXWTK0', '0', '0', '2024-05-15 15:39:29', '2024-05-15 15:39:29', NULL),
(41, 'email81871443@test.com', '$2y$10$RuR4gJEr868/W3o/L2ywRe.YC7bHb1My4L.f2QbFhJdufuAFjxVF6', '黃柏翰', '黃柏翰', '1', '1992-11-24', '0927711175', '/B8P1ECD', '32571763', 'default.gif', 'V24USZEO4YVQ4V3EF71EU15WT9VG4UM70X3EREBOCEQQZWZCVOU32F1KBFT4S', '0', '0', '2024-05-15 15:39:30', '2024-05-15 15:39:30', NULL),
(42, 'email01718312@test.com', '$2y$10$GvuHxwTJWWel3.EBZLrUn.zjzV4cvs9PNqQTA3ljA79Z2PnXeaozC', '高宇軒', '高宇軒', '0', '1997-08-12', '0915030583', '/0AFZG9K', '31763790', 'default.gif', '08GXIB84PITW4YOUER9', '0', '0', '2024-05-15 15:39:30', '2024-05-15 15:39:30', NULL),
(43, 'email86036547@test.com', '$2y$10$8X/0KsimkFNDa9CgeeALLeuSxv83fuU/x80jpHNUmYKlcR7eFCcja', '郭宇軒', '郭宇軒', '1', '1986-05-08', '0954932294', '/8K13WN7', '88652737', 'default.gif', 'KOCGKJUGSWQ86FCO1ZZC4JLS76Z6UL2IJ7PUAE2OGYG87F5L1BQT5L5GMSA7EY8ZUY00MRK396PVU7', '0', '1', '2024-05-15 15:39:30', '2024-05-15 15:39:30', NULL),
(44, 'email93543002@test.com', '$2y$10$T/jF2b4G.NUefIDu/pNA/O.CKG8OClome8wYIHI31v9UE7yMIqu2C', '徐鈺婷', '徐鈺婷', '1', '1990-01-15', '0907083855', '/ONIMOQ4', '16264605', 'default.gif', 'FNJ4MBMDBA051FZCP5KZAZXUYFFEN', '0', '1', '2024-05-15 15:39:30', '2024-05-15 15:39:30', NULL),
(45, 'email38666019@test.com', '$2y$10$kf.aWyK/JVS5ZDEWx/8Iduutf4ZuYYC.0bwejDBrXlM2zlJRYQdtW', '許冠霖', '許冠霖', '1', '1990-04-13', '0947332687', '/DXY9FXK', '25565595', 'default.gif', 'VXDJNWKYM1K925F8VTS1ZSL9YKRO4I2SY2TRKJYB8S67WOUSH4YLQXX5EFFVAW0O', '0', '0', '2024-05-15 15:39:30', '2024-05-15 15:39:30', NULL),
(46, 'email52423855@test.com', '$2y$10$.bPJF7F/3tnbvyme1/g/7.BiSeS3xLiVkygxB.IwWmkEr1trOTkHC', '周柏翰', '周柏翰', '1', '1987-10-07', '0911939856', '/YYH3M1N', '17896347', 'default.gif', 'BVJM1UGZNM4JNB3STLJLIA0XI0W1RWZSQUKNG4929', '1', '1', '2024-05-15 15:39:30', '2024-05-15 15:39:30', NULL),
(47, 'email70217597@test.com', '$2y$10$bTax/xREY6/tddsJkv/7R.wXsfeEpsyarj3fousQkfGUPoDXU8K3K', '黃雅筑', '黃雅筑', '0', '1997-01-31', '0982214885', '/MPKV8GH', '90489860', 'default.gif', 'BRQTSNSWN972BWSZF8QNIY7J6XDPNTP095QWPGMR214Q9U10JNUZ52UW4PFB387SU44WQBI5ORXW', '0', '1', '2024-05-15 15:39:30', '2024-05-15 15:39:30', NULL),
(48, 'email51944542@test.com', '$2y$10$UD8U6wo/kGfSsuqcTkHnSeAtxqY6c2T2wp6r7QHqlJBjIXWk.7k0K', '楊家豪', '楊家豪', '1', '1993-11-20', '0967803542', '/JLHP67G', '78133112', 'default.gif', 'GF559Z8AIYAB5AFV2U4YCLFZP5RVT1A3NWS4HS3ZJMLHZT2727AW8CPXW86GM1QWTR4KIPO777MABL9DEA8YBL57HPJ4JC4YW8WZ', '0', '0', '2024-05-15 15:39:30', '2024-05-15 15:39:30', NULL),
(49, 'email58204588@test.com', '$2y$10$k0UnDjm5sgqq9O8FTX7d7OPzALqiXCbvRosRY85eqLntGDDV.HyCm', '朱雅婷', '朱雅婷', '0', '1992-07-08', '0931007802', '/TQR2TCR', '70926294', 'default.gif', '1E60TGQCUUXN6FLP49KYWHUMCI4EG74513FSLOUJ6JSL24O9LQNYIFLKIRG1YR5QIS5M4', '0', '1', '2024-05-15 15:39:30', '2024-05-15 15:39:30', NULL),
(50, 'email15248964@test.com', '$2y$10$XaLH7wNYkFA.Z2NrdLAzn.2EW8l0vVRj5R3k7sapUYrRG.XOL5zRm', '於彥廷', '於彥廷', '0', '1999-05-22', '0923848824', '/W73G059', '75816172', 'default.gif', 'JROE4U0Q1S7XKPTGM2F0OQPCA6WZVSW34XYY6JK45ME1AZ24DEZRQOFGJNE7ET', '1', '0', '2024-05-15 15:39:30', '2024-05-15 15:39:30', NULL),
(51, 'email67621952@test.com', '$2y$10$gocjuTpkNoTcV/hrE823X.oUWQyUu.D6iZBn0lNHHJPN7Pp3InBqm', '謝怡萱', '謝怡萱', '0', '1996-10-07', '0986353667', '/6FA9RCQ', '48518675', 'default.gif', 'UBTG1C2XYEMDZLWNYRS9XKY8911RUHBNALXX8KQ8DNLLRCDFCEQP53ZHA9C4Y35AAX5R04I6L87DWFGK2U', '0', '0', '2024-05-15 15:39:30', '2024-05-15 15:39:30', NULL),
(52, 'email48472832@test.com', '$2y$10$IoBtWmMxuR73bdFHW6bRyeuiSjI7PpvR8Utl/QQAU5k.scnGRUGqG', '吳詩涵', '吳詩涵', '1', '1993-04-20', '0993010249', '/D03IA6O', '12461632', 'default.gif', 'WWNSBSOXR87JY3MPCFK0QSM9F34C541ZDFI7GRYFA8IHRU', '0', '0', '2024-05-15 15:39:30', '2024-05-15 15:39:30', NULL),
(53, 'email74855577@test.com', '$2y$10$4E79QAs2jeGIWhAseZ.dzOdLGsfSY.uycNjvEAZ/RasOQ0qXg4Z86', '郭怡萱', '郭怡萱', '1', '1990-11-12', '0964171249', '/TV11K7T', '06940716', 'default.gif', 'NFMVS8J2Q63XVJDTY4VEQEUIVAODK5KDA1B3', '0', '0', '2024-05-15 15:39:30', '2024-05-15 15:39:30', NULL),
(54, 'email72107542@test.com', '$2y$10$MIl2QdZuBz0bd0/tawUK1.9gqu2HUDA8YDFH5PiB9dX7CV4qqRyrO', '韓雅婷', '韓雅婷', '1', '1989-02-12', '0995810448', '/L2J0MQ0', '71707188', 'default.gif', 'AYJ1TUK1S9WDQ4UMF8RQP713GR', '1', '0', '2024-05-15 15:39:30', '2024-05-15 15:39:30', NULL),
(55, 'email51527211@test.com', '$2y$10$oO/SroPE5FNLg7avv.kvi.t6f3JgoPHbuisSdoMUbviUKkPd/FGA6', '韓詩涵', '韓詩涵', '0', '1985-02-24', '0952889049', '/TAU7RIE', '97869434', 'default.gif', 'HN3D8OYZ1LPPXL25PXJ06GSV8CZ', '0', '1', '2024-05-15 15:39:30', '2024-05-15 15:39:30', NULL),
(56, 'email53717764@test.com', '$2y$10$T7Gpp4/HHYibCsv3urUQ8OJIydDvXndXAv6fpsJbjbWbs.tpW66S2', '蕭怡萱', '蕭怡萱', '0', '1992-03-23', '0945255436', '/435FPOC', '10932007', 'default.gif', 'BM3YL8LNDYR5DI', '0', '1', '2024-05-15 15:39:30', '2024-05-15 15:39:30', NULL),
(57, 'email58968631@test.com', '$2y$10$80/NDipLWYWwoYpIv9L/luNSEA5d6XFUKTu9OhfKDhzSTMwwr4CAe', '程彥廷', '程彥廷', '1', '1996-08-23', '0971282894', '/2GL9WNM', '13866770', 'default.gif', 'Y2CDPWVHZRT9CJQC25SD93P249TJ003TPV', '0', '0', '2024-05-15 15:39:30', '2024-05-15 15:39:30', NULL),
(58, 'email13948396@test.com', '$2y$10$iU6Ltl.AAOecwKu6/PR8suSiwthkx0D0mhn4RgSeoUgwuxXo7eU5q', '孫家瑋', '孫家瑋', '1', '1999-10-04', '0952014862', '/5Q06V97', '68289488', 'default.gif', 'ROPRCN2QX5ZHXVWOZ2FUCHBT4TUVBHREDIE', '1', '0', '2024-05-15 15:39:30', '2024-05-15 15:39:30', NULL),
(59, 'email67234855@test.com', '$2y$10$HBJ2DSIRD6NnF9IUCbn0XOGb482rtBJf2OGqEutxhZpPdRWYsCD0W', '唐冠宇', '唐冠宇', '0', '1985-03-06', '0967910237', '/A18CI9E', '65527991', 'default.gif', 'YYTWRZN', '1', '0', '2024-05-15 15:39:30', '2024-05-15 15:39:30', NULL),
(60, 'email90278934@test.com', '$2y$10$6SW8NQ081o21sS5cAHMpUOLWTuz/u.UgOq1qkuE7k3a6WD9JQfotK', '馮鈺婷', '馮鈺婷', '1', '1985-07-08', '0927933178', '/4CAHBPV', '15732252', 'default.gif', 'CTDFNRCAERIBP2VHP3GA99N6L6177Z6SR9LB', '1', '1', '2024-05-15 15:39:30', '2024-05-15 15:39:30', NULL),
(61, 'email65991818@test.com', '$2y$10$WNzLsLwDqlr4gfZ1goX3r.Z3CdoDVsbATXPQmk4NsbCim9/4GYnOa', '黃佳穎', '黃佳穎', '0', '1991-06-14', '0979260079', '/4WM3RAO', '91340435', 'default.gif', '5EF8JG14BOHU531VE7JQCRNF75YO3ZC9KI8YP3LY8FHLBTB4KKLP4', '0', '1', '2024-05-15 15:39:30', '2024-05-15 15:39:30', NULL),
(62, 'email51390453@test.com', '$2y$10$84Bq74gzboprvQd9ndgLZuY4J7r.jOLepjbifaVJqTojnNY10bn8O', '韓鈺婷', '韓鈺婷', '0', '1989-10-07', '0984037948', '/JW9A03A', '10095055', 'default.gif', 'OY9OGO2HQS2QTF00VYJZ4F7TND1MXPQD25', '1', '0', '2024-05-15 15:39:31', '2024-05-15 15:39:31', NULL),
(63, 'email16421261@test.com', '$2y$10$Er8ggMgNPT8YFVRe3K1eRO4Mdl3zMD7FhphMtnswEVY1LJuHYvmpm', '馮宇軒', '馮宇軒', '0', '1994-05-17', '0925692321', '/7JVV7OA', '42732268', 'default.gif', 'I2EUM5A96H5N5ZEV1CI7ZYU6YP3CUMJZ6NSHBYVS2OE0HXC14C2ZVVJYS78FZQIB80A4E8NGCBSXVRXHOYXZ', '1', '0', '2024-05-15 15:39:31', '2024-05-15 15:39:31', NULL),
(64, 'email06492182@test.com', '$2y$10$S2gcf3Y2hTXlu.0zYEsPX.w9F3cafNOPzK6yMFygwB6Fe7LagGFnO', '鄧雅婷', '鄧雅婷', '0', '1999-09-23', '0946284248', '/NK8N750', '43845835', 'default.gif', 'X20SVMVOYM7ZH2CSUY57LE43FHW6XS6S30MSKOST', '1', '1', '2024-05-15 15:39:31', '2024-05-15 15:39:31', NULL),
(65, 'email82306735@test.com', '$2y$10$L95KxKpc45As8RrgRqxheueDD2sl4SPKW8KO2toYr46.9Am8y72c2', '馮家豪', '馮家豪', '1', '1999-06-28', '0963337172', '/S11N5ZM', '00326465', 'default.gif', 'L7900JUDNSZV4CTATZD1D0BOMF84N2UIBAVGMPZ3BO28LQMIOM2QBJO90XRPMDLV3D93PE4KNWZF6TSD87A', '1', '1', '2024-05-15 15:39:31', '2024-05-15 15:39:31', NULL),
(66, 'email45160274@test.com', '$2y$10$9ZxI4Xj/iD8q5cmIc0Fcwebg5rmTr7lEnxgoVT0JviKLFDkTRYmLu', '李家瑋', '李家瑋', '0', '1993-09-20', '0938068837', '/5QID6J9', '15502295', 'default.gif', '8YL3XCZTECWBODLI6FTSKENKG7M45K8VA63RBRU8CCJU0ORVDS7B6SUJKPZ9O5OAVTJY3CI406OX7GG', '0', '0', '2024-05-15 15:39:31', '2024-05-15 15:39:31', NULL),
(67, 'email94839057@test.com', '$2y$10$pqyvg4tLyUGpr5Uye4GoxepEyD0WVbHkTZm0fnsJr/6p1H2GUx59a', '董佳穎', '董佳穎', '1', '1988-07-06', '0905483096', '/SYD85XV', '52705606', 'default.gif', 'BXBR5EQJH7EW6', '0', '0', '2024-05-15 15:39:31', '2024-05-15 15:39:31', NULL),
(68, 'email96256285@test.com', '$2y$10$9iSLBY.BJiQp29fA/ftgDequPao5EHgnqMX9EjTGhZMyVReTGo1qW', '馮宇軒', '馮宇軒', '1', '1988-11-13', '0937426244', '/HKQ3XCO', '46976261', 'default.gif', '1MTH09UL57KB65JMTBW218GPNB6QSJOBCCLSNSYWEIO1Q', '0', '0', '2024-05-15 15:39:31', '2024-05-15 15:39:31', NULL),
(69, 'email93319125@test.com', '$2y$10$krYdH9SuOBnvLKmZK2A7VuEPgJKB7K0.UXuptFgDKDL7FZp.GQSNq', '羅怡婷', '羅怡婷', '1', '1990-03-26', '0998334303', '/TFWOXC8', '40874526', 'default.gif', '939EW6VYJQBAUPL0FVCKDDALZYZOD81P3ATGHWUPIIA2BM29C95MQVAERTBOPPO3GB0TPK56NLOZLHUDWQJF826K5WXAK5DWWRX', '0', '0', '2024-05-15 15:39:31', '2024-05-15 15:39:31', NULL),
(70, 'email11613049@test.com', '$2y$10$JYinOXePUAz8xN2jKnNFSOG.iy6DAnB63TwEbmhmZ6Y5kmdBwJjcO', '羅怡萱', '羅怡萱', '1', '1985-05-03', '0974885587', '/G6FUS9X', '02685283', 'default.gif', '34YHJWVZ4DGHIRCDIYQFLOZYD0564KFA2MRBTX', '1', '0', '2024-05-15 15:39:31', '2024-05-15 15:39:31', NULL),
(71, 'email80469205@test.com', '$2y$10$yi29jkktHkK0ilq0Qp0UCexzNKrGF.Z6NT1soBzl1V5sh9AAFzctS', '宋宗翰', '宋宗翰', '1', '1997-12-20', '0915690006', '/18OQUUN', '46485123', 'default.gif', 'YYNH0KKWOQXS0T7SK8HCRQJPCBNMHQF4O707K0B56E93EPA9ZD0EBAUD1R9D3SWXAHWPO9OG6I', '1', '0', '2024-05-15 15:39:31', '2024-05-15 15:39:31', NULL),
(72, 'email14240688@test.com', '$2y$10$af3i0i7zVJMW3.Oxftnp8ei2fAmh/AluAbCv2e/i1vX4tpmsYJPzi', '傅雅婷', '傅雅婷', '0', '1992-06-17', '0954179848', '/IXNEWHH', '29239791', 'default.gif', '03PR1LTZDQSIAU3OIFO3FU3JNC1QCGZHVGBM', '0', '1', '2024-05-15 15:39:31', '2024-05-15 15:39:31', NULL),
(73, 'email28473602@test.com', '$2y$10$4v/P0xJbqNAR9iMVSjhduurPMrTtSJ4mPXbOn2E.xuo3n7FTJD/We', '徐家豪', '徐家豪', '1', '1993-06-28', '0986152348', '/ORA61VD', '56254949', 'default.gif', 'G70PHGS4V2CB', '1', '0', '2024-05-15 15:39:31', '2024-05-15 15:39:31', NULL),
(74, 'email55559095@test.com', '$2y$10$sFT996STxsmR4xKd77HyguKn5Sb8ADeIM1.8GiJLaFgYjYSmvCMx6', '傅怡萱', '傅怡萱', '0', '1992-12-25', '0961426491', '/V32P4F2', '73720128', 'default.gif', 'RDDVB5RNAOG4FDZFNZEHSZ9KN9D5TC3JKHHCEDHAX188TYW2WTSK12LFI5925WOVSI0NO8DZS5F4R', '1', '0', '2024-05-15 15:39:31', '2024-05-15 15:39:31', NULL),
(75, 'email34991567@test.com', '$2y$10$KVcV9VMLClvmVs3AzHaF6OWs/q.Yd7mswQ3LvZOFgFcMnGuvHJvOS', '陳家豪', '陳家豪', '1', '1989-09-08', '0903091832', '/H6YUAJJ', '12792619', 'default.gif', 'DABKXQ5VOU7I2IMV9GPRTOLUA9M7', '1', '1', '2024-05-15 15:39:31', '2024-05-15 15:39:31', NULL),
(76, 'email96626247@test.com', '$2y$10$4E7xwF0JW4bUsZDvpQKeS.UIF0cH003HFHL1BCnyhq2Mp0JKd3Gty', '陳詩涵', '陳詩涵', '1', '1986-08-04', '0988419794', '/D13FAR1', '08371697', 'default.gif', 'N9R09XLOBBAJMODCYYCWFN09Q049WSHZZ87CI4PFC', '0', '1', '2024-05-15 15:39:31', '2024-05-15 15:39:31', NULL),
(77, 'email66148207@test.com', '$2y$10$3aNUfPR/SkHpurdYIYvn2.HMZP3gyrUVuw5WXO6nKcrq9cIBPZDca', '呂詩涵', '呂詩涵', '1', '1987-10-01', '0994253377', '/DW94M1X', '25989960', 'default.gif', 'M3GPX72VM', '1', '0', '2024-05-15 15:39:31', '2024-05-15 15:39:31', NULL),
(78, 'email26944751@test.com', '$2y$10$MnXYBVfUpUPV3D3sAjVRBOk3wIahU1nwn.hFjBz49FyOvMftpC/te', '楊宜庭', '楊宜庭', '0', '1988-05-30', '0968385562', '/ETCZS7Y', '53859316', 'default.gif', '4F4C3VAFLR6FWVRRW45LCIBJDK1ZSF6DUXHS95PP1OQX', '1', '1', '2024-05-15 15:39:31', '2024-05-15 15:39:31', NULL),
(79, 'email27431871@test.com', '$2y$10$bAHA7MZVB5Za36YTz0Ygr.kLI0P8NsW/ULUvU7aronu4XisVCD2Ne', '胡雅筑', '胡雅筑', '0', '1999-03-20', '0982043859', '/4SFEOEH', '45091809', 'default.gif', '1L20ABKCVLJES8OIFXVCI18Z1TK4TLVFY6GJEWXDLQZ', '0', '1', '2024-05-15 15:39:31', '2024-05-15 15:39:31', NULL),
(80, 'email44791551@test.com', '$2y$10$bTqGUVqbZPFAsOr/ZGLAxeMblVdelJaiOAqhCHj7.3FbTjcM3u.gW', '沈鈺婷', '沈鈺婷', '1', '1987-12-12', '0974019151', '/QU5K3QM', '72837102', 'default.gif', '76IC391R4WARK0A61RDZ5UH34242TKPIG3W21E1O6QC', '1', '0', '2024-05-15 15:39:31', '2024-05-15 15:39:31', NULL),
(81, 'email16395149@test.com', '$2y$10$SyanQWV9VLrJ8HOSedfKR.kHZKsmlk1SCte7mBOVZ8XNQvaNY6q2y', '謝怡婷', '謝怡婷', '1', '1996-07-29', '0913483390', '/5Y55OO3', '60121283', 'default.gif', 'Z16V8CQOHYF0AUS5CLYS6E8YZFWDQKYIPW3M31QC05D84N2X6KNEGJZOVMI7ZZL1EHDYZT62MYT', '1', '0', '2024-05-15 15:39:31', '2024-05-15 15:39:31', NULL),
(82, 'email77158745@test.com', '$2y$10$e46QvGovfYXjn/Zavz.3s.PO450D8pTeGwB6MwT.BoS4OC8hkunZW', '於家瑋', '於家瑋', '0', '1991-05-28', '0951663279', '/1HIYP87', '83509176', 'default.gif', 'F7ASIWJBGWZTOR4R4OK7C47WG268YBCA0ZNDCVI4H92NPL6PQ8U2FSF', '0', '1', '2024-05-15 15:39:32', '2024-05-15 15:39:32', NULL),
(83, 'email96170290@test.com', '$2y$10$0SQeNzzUU5Vi4f/IcA8tJOaQtXQZjFIq1ZZUUdQnPR8UH9gyU/reO', '羅家瑋', '羅家瑋', '1', '1996-02-09', '0902175959', '/LAXZZDF', '28697665', 'default.gif', 'L6OVRACKPCZ08UFNLO7PO5WNSZG00IYUHLVYNDQTUEW80V1V2', '1', '1', '2024-05-15 15:39:32', '2024-05-15 15:39:32', NULL),
(84, 'email91667453@test.com', '$2y$10$Lpi1jMGJ1uFwd0s0uFSKmeXPepmUyjGWH7MLkX7lADYJGNtxW2HbO', '蕭雅筑', '蕭雅筑', '1', '1985-11-13', '0945799274', '/MMET8T1', '70311921', 'default.gif', '0G48LYTMGSI7M2F91S5C2O15KT6JCYX7FVJ4HPD0OV6DQW4NC613UXH6KP2ES23ISLQHBMNFZ', '0', '1', '2024-05-15 15:39:32', '2024-05-15 15:39:32', NULL),
(85, 'email50563954@test.com', '$2y$10$rjrfM3kLkkwZWCjkh0UDoezbbt8oLTwR.Yt5dEk561p1ox1jYvWLS', '馮詩涵', '馮詩涵', '0', '1990-12-19', '0907587375', '/Z51THT7', '34705398', 'default.gif', 'GWPVNN6X6CO31E05E8EUF2F8NHEB6W2QFD7ZOWFZ', '1', '0', '2024-05-15 15:39:32', '2024-05-15 15:39:32', NULL),
(86, 'email09950719@test.com', '$2y$10$UiimynOYxRMiC/FEs.VCo.C1XhyCsDUY18zDm079zYvjGpyYoMmhS', '朱冠霖', '朱冠霖', '0', '1996-03-30', '0983447752', '/DSWC7XD', '86735630', 'default.gif', 'HSO0RAMYR0MXN88E1EWC50LIXP1G2NK5X6UC9HPP8', '0', '0', '2024-05-15 15:39:32', '2024-05-15 15:39:32', NULL),
(87, 'email04571700@test.com', '$2y$10$w1wyqXJsdtUWe3AcbhISuuyfAi85aihvvZS5Ma3Bas3quIVyo6cZi', '李家瑋', '李家瑋', '1', '1998-11-07', '0945735115', '/5CK8T2T', '87600097', 'default.gif', '6SCG6QXBMA5', '1', '0', '2024-05-15 15:39:32', '2024-05-15 15:39:32', NULL),
(88, 'email19411203@test.com', '$2y$10$F9w2H.cJrIjFDOLEe664R.b.RFsBBeUqGYaYaVsWJqFNrG2ZfYjzO', '林怡君', '林怡君', '0', '1994-09-07', '0950605040', '/NX1HWQ3', '65544326', 'default.gif', 'K1M78OUNX5ZQH6Y90XZ0839NAP90SQVLE1RS3UZUDFQ', '0', '1', '2024-05-15 15:39:32', '2024-05-15 15:39:32', NULL),
(89, 'email05799146@test.com', '$2y$10$E2UApjRA8ILLlZ5/SLNvSu6S1ohaoAGwgF3s5IiWgDLLjivZQyzta', '曹柏翰', '曹柏翰', '0', '1985-08-05', '0953297041', '/7IINTVX', '92315916', 'default.gif', 'VB7OKJMXSEVO02P1RSKMRA4A14V3C3Y', '1', '0', '2024-05-15 15:39:32', '2024-05-15 15:39:32', NULL),
(90, 'email89923150@test.com', '$2y$10$CWYtZjVoJpTEN.svPcDJ2e0f08nGHvoxOYOTelspYuQRMyc0TsaRa', '胡鈺婷', '胡鈺婷', '0', '1987-07-04', '0991424102', '/5F6V3JK', '69183144', 'default.gif', 'DIUSE9BOT8', '0', '0', '2024-05-15 15:39:32', '2024-05-15 15:39:32', NULL),
(91, 'email13196868@test.com', '$2y$10$uNHcrYbLLDLsO5JXnkIfJ..ToHNLH3kOkVtYaYx8I2guNYX0Q7dj.', '沈家豪', '沈家豪', '0', '1996-09-11', '0901388383', '/WH1J7RZ', '30678463', 'default.gif', '0L1BBALK00D9CK697AJP64PL76QNAE0ZEKMPIVT22NWXWLGZNAFFOFQ2O5X2PJVF2M8L3PI2IOPD1L6VHZBIKU64XYUL', '0', '0', '2024-05-15 15:39:32', '2024-05-15 15:39:32', NULL),
(92, 'email27428730@test.com', '$2y$10$dYzFRcnX.5P2KsW0QzOa5.38fCvTzXd8ZTExjohgCNk2GYtm1bmeC', '劉宗翰', '劉宗翰', '1', '1999-02-15', '0900076819', '/XJJIUCL', '32655957', 'default.gif', 'N5C7JK0PZYMTHK7MTOV7A3YFYF1JQDK5', '1', '0', '2024-05-15 15:39:32', '2024-05-15 15:39:32', NULL),
(93, 'email13352287@test.com', '$2y$10$i2KbH.9eFpnD2fUVhv/Y/OoYu8qosVgwiNAohnR7O1QISB.nRMky.', '曹怡萱', '曹怡萱', '1', '1989-03-23', '0979503295', '/3ZNV5N4', '08306033', 'default.gif', 'W07S21CBRO75ECI3ZD8I9KMYXT9YZ26PCISH9LJTLTSMCLCM67NMJ2PQYXX2F1ML5W97U8TTF1I7', '0', '0', '2024-05-15 15:39:32', '2024-05-15 15:39:32', NULL),
(94, 'email49828851@test.com', '$2y$10$9Of4tsNGdMH8mtSYVWEKX.5RVjQb0SgTRQlQDJ8hgAK./gsV4.GIO', '董家豪', '董家豪', '0', '1992-03-03', '0916992557', '/8S02QM5', '08387452', 'default.gif', 'XRG96BB238I2YFY3HKWNI2P4QLSCVO8SU3VJ20BTSDX6CTO6BS7J1ODJ6GIDFXMTVVUSFJMC2IBHFE1IXGK11H9MLWXVGPLG', '0', '0', '2024-05-15 15:39:32', '2024-05-15 15:39:32', NULL),
(95, 'email71156196@test.com', '$2y$10$PmiM.A5czIyl0JVYzUH0TeB3THZh8pi.X.HN6w6fC4NIbjP5PsIIC', '曹冠廷', '曹冠廷', '0', '1988-06-04', '0927208209', '/QZG0GTC', '58298974', 'default.gif', 'BWH22YE3N0WAIDO8HTE3ZYBKN4OOL8KZOLZ76UTB01YJHR1HRAZ0JV', '0', '0', '2024-05-15 15:39:32', '2024-05-15 15:39:32', NULL),
(96, 'email74646471@test.com', '$2y$10$iA4uDw0CtUaw.9FZPjYHt./a7zJbidK2K2JAmBiu11dxcbwgThkt.', '於彥廷', '於彥廷', '1', '1998-06-03', '0933781786', '/H48KLMC', '11132330', 'default.gif', 'DXK1STFQGZIH7SHIRJZPTY', '1', '0', '2024-05-15 15:39:32', '2024-05-15 15:39:32', NULL),
(97, 'email21896726@test.com', '$2y$10$8Xbdolq7mfczzzbbJKgkYuJDIdGewDi5HdCRXRG7nmkdNFhJ7fwYm', '許冠廷', '許冠廷', '1', '1990-03-09', '0963115178', '/PZ1R0ON', '13372814', 'default.gif', 'ROZC0SS4OI2150QT13P7TPNOSYBEC24EAKWZFP2SUKXN5DQTUZ1FB37QO7IY64', '1', '1', '2024-05-15 15:39:32', '2024-05-15 15:39:32', NULL),
(98, 'email14809369@test.com', '$2y$10$m3fwdqq5Ap0EQSMe7ASM7.ZoMKXJ4n1DRQrNiNhZV3e42P5/vc8Y.', '楊冠霖', '楊冠霖', '0', '1995-11-13', '0900624955', '/S4E7XXD', '13836240', 'default.gif', 'QASJRPW974BU88XWFYARW9A86FQZUL', '1', '1', '2024-05-15 15:39:32', '2024-05-15 15:39:32', NULL),
(99, 'email67053573@test.com', '$2y$10$ke.9omBGBCNgq/6.XRGnd.72oRJaXYCH8XQnd7GsEER7IMBAARDNG', '孫詩涵', '孫詩涵', '0', '1997-11-15', '0975191966', '/3H9YZV1', '33368680', 'default.gif', 'IJTGSYNSB3A4RGG02YQS1QEPZR1U0WYTP5636WS', '0', '1', '2024-05-15 15:39:32', '2024-05-15 15:39:32', NULL),
(100, 'email81411112@test.com', '$2y$10$evot4Y8phtJYdSabiciBlOiIeYYjz3coXDus/lckIqD6SAVJ1C9uG', '劉宜庭', '劉宜庭', '0', '1986-08-21', '0999127978', '/GB54ZP5', '58756954', 'default.gif', 'CGAQSG1T2BZICEWYYJ984E4IO9J', '0', '1', '2024-05-15 15:39:32', '2024-05-15 15:39:32', NULL),
(101, 'email42906963@test.com', '$2y$10$wFipdedirQ9JoFIYB/2sy.N2FKjibbo6q9PennL5RruRFRoEKnb62', '傅雅婷', '傅雅婷', '1', '1992-10-10', '0997855326', '/67ZEJWN', '23124251', 'default.gif', 'IBACF2VD1DCUXC6JN3HJZROTAFC6MCMWZB9PRMJ7IVGYLW47TEAAI642TCTXT8Q1K4N6NOC0W9170Z', '0', '1', '2024-05-15 15:39:32', '2024-05-15 15:39:32', NULL),
(102, 'email54447155@test.com', '$2y$10$p76mzaWQZeZ8bXu.W3Z2I.UBlmwyfIy34IgTL7kvO..BhQcnhZNkC', '張怡萱', '張怡萱', '0', '1988-09-03', '0925236197', '/V49ZUW3', '08457303', 'default.gif', '398R0YPRIRHH8OJ7OZMEQB1DY11LF29V04FJLOGG87BOOMIEKZ2VYPMNQ8SOMPRJBBS9HXK4V1H90ZIAOC15XR', '0', '0', '2024-05-15 15:39:33', '2024-05-15 15:39:33', NULL),
(103, 'email36805184@test.com', '$2y$10$mxMrNmE5dRlOTVTL/B1C7O7owWtqL.S7eQVpcY3BR4PvkBhGCjOxi', '鄧冠霖', '鄧冠霖', '0', '1990-03-13', '0935979023', '/C68RA3G', '40930186', 'default.gif', 'N4BHVD2HEIEKD65HDHATF88M', '0', '1', '2024-05-15 15:39:33', '2024-05-15 15:39:33', NULL),
(104, 'email51558282@test.com', '$2y$10$koP3Z84vhBJxA2BPTQGaKupI4SpOZOS7EHp99i1FLJxyibwY31o0i', '彭怡萱', '彭怡萱', '0', '1987-03-30', '0988984905', '/AIHPXZG', '05009844', 'default.gif', 'MYG27OLQNVX3WI2QOOCT638U8X5L8VIU7TG', '0', '0', '2024-05-15 15:39:33', '2024-05-15 15:39:33', NULL),
(105, 'email67078079@test.com', '$2y$10$ybsGfOncaJO3AI4f9RmFI.Byms19u4Z6cJtgOH4wDz7hLPZRC8xJ.', '沈家豪', '沈家豪', '0', '1986-04-23', '0919715052', '/FLPG5QU', '29588759', 'default.gif', 'ACW91PKG27S5A6YAIV904I23CSMG87ZSBKW8QAD8QQ5OYPHLYRBD4S698DKHBGWSCMBLQDK3U9M9BQE1KFPM8SF8DY', '0', '0', '2024-05-15 15:39:33', '2024-05-15 15:39:33', NULL),
(106, 'email60445321@test.com', '$2y$10$H9ZQbGdbv8.4/sGo91crYeuRpHhnij0ry74RYW84LhDP0GzRPwlfC', '沈雅婷', '沈雅婷', '0', '1991-11-03', '0933284548', '/LGT3DC7', '61444117', 'default.gif', '', '0', '0', '2024-05-15 15:39:33', '2024-05-15 15:39:33', NULL),
(107, 'email95034101@test.com', '$2y$10$azClxShaTD2uYGJ6ACW0FeAi78tGCuUsml2FbadtsH7u8wx28sf.K', '傅宜庭', '傅宜庭', '0', '1991-02-08', '0952892112', '/SR0JOA7', '35033500', 'default.gif', 'Z9Q1J', '0', '0', '2024-05-15 15:39:33', '2024-05-15 15:39:33', NULL),
(108, 'email67803003@test.com', '$2y$10$Tuhei.gglLh7p9AqcmQWd.uCD5TqHCe718L0A8/8w7ucaoGOiIVqy', '馮宜庭', '馮宜庭', '1', '1987-01-09', '0959775076', '/AK4TR55', '89682664', 'default.gif', 'Y24Z8JV6S4TH63B', '0', '0', '2024-05-15 15:39:33', '2024-05-15 15:39:33', NULL),
(109, 'email46836383@test.com', '$2y$10$QzeWz.g26YsA2t29VtYybuU/HzsIYcasHeprseM7p.XYxathXvX3u', '張怡萱', '張怡萱', '0', '1986-12-12', '0988833462', '/IZMT2ER', '54452308', 'default.gif', '5JL7U7Z6QCZCDGZ2TBKI824SF642LGY86G8TMK039OQTHFZS6W3N18FAZ3G8', '1', '0', '2024-05-15 15:39:33', '2024-05-15 15:39:33', NULL),
(110, 'email01729655@test.com', '$2y$10$ktXw8eZE3oGEBUtpQxgYxedPhljJOwwQrjW8HQgfnchcDSKWW4JbC', '吳宗翰', '吳宗翰', '0', '1995-10-02', '0913471109', '/ME1PA1I', '01129777', 'default.gif', 'MDSMDZEGOO14R0TYWF2TUQ4UO0WO3N6UJG5SHNGQF2G5U', '1', '1', '2024-05-15 15:39:33', '2024-05-15 15:39:33', NULL),
(111, 'email66457774@test.com', '$2y$10$npYS1zWqqkPngamb3FWhzulDuDzMOXcKkvl.RhvkEGTgHUjL/6WQm', '唐郁婷', '唐郁婷', '1', '1998-05-29', '0955384114', '/IHZH07W', '45216761', 'default.gif', 'BCZPF5VR72OCFZBGURZ0N6WB4KD9QGWBUWVRMBIFB4BMZ9EAXRG7WTC9QWQ3BA0GYPQL6W6DCJPV2Y', '0', '1', '2024-05-15 15:39:33', '2024-05-15 15:39:33', NULL),
(112, 'email55848875@test.com', '$2y$10$ddE/2YQhm2y3Rxl72kePouUtz5fSfbAGjR.j6k.KJNM44AnF5dglG', '董怡君', '董怡君', '1', '1985-06-11', '0929392781', '/C5JCZ2D', '62401465', 'default.gif', 'JBZ9TFC51PRZ5PK60J816RNWHXRLB4J47SD0MT', '0', '1', '2024-05-15 15:39:33', '2024-05-15 15:39:33', NULL),
(113, 'email13582235@test.com', '$2y$10$nwH6oFRMUUQJocqiximvtegcrcpiQMTNUuKLljq/zU9afW4OalD8e', '馬雅婷', '馬雅婷', '1', '1997-01-01', '0971562471', '/V1OAPCH', '29890042', 'default.gif', 'PI4RI9QM9FB10RT5HE4G2BY3BEIJE3Z0ODYGYC84FFZBRIJBTM3OQQXA2YHI51L0AFFBD2486K5Q2S02FGPFLTS0J29TPPF601IY', '1', '0', '2024-05-15 15:39:33', '2024-05-15 15:39:33', NULL),
(114, 'email84679862@test.com', '$2y$10$8NV7Vu0GBqbekhw0ORe9g.3HQOGqnZ9ePqG0CqPEQYknCly5a/V2G', '彭冠宇', '彭冠宇', '0', '1989-02-08', '0916820980', '/7CIXDBX', '11433252', 'default.gif', 'UMPKAN4N5VI', '0', '1', '2024-05-15 15:39:33', '2024-05-15 15:39:33', NULL);
